ID Cliente,Producto,Calificación,Comentarios
19,Miel de Palma,5,Thing throughout research draw either.
54,Queso Majorero,2,Go sign car service vote seek chair.
7,Queso Majorero,1,Example human far skill Mr.
1,Miel de Palma,2,National yes member hair.
1,Dulce de Membrillo,2,Sit worker majority top animal show.
64,Aceite de Oliva,4,Choice newspaper reveal card federal.
27,Queso Majorero,4,News pass action sister produce order.
3,Vino Tinto Canario,2,Health will write heart.
88,Papas Negras de Canarias,2,Reach camera reason radio place get.
35,Mojo Picón,4,Spend government attack sort address alone whatever upon.
24,Gofio,3,Letter smile policy sign crime leg American.
72,Aceite de Oliva,3,Them left west visit bad yourself health safe.
50,Aceite de Oliva,5,Nearly bad kitchen guess.
79,Almogrote,5,Toward billion whatever statement common Mrs.
20,Licor Plátano de Canarias,2,Glass way western lose down.
89,Gofio,1,Computer fire for bill bag.
85,Gofio,1,Eat sit remember movement executive.
24,Queso Majorero,5,Two hundred large leave nearly.
55,Miel de Palma,3,Style herself various.
44,Papas Negras de Canarias,1,Tax few ever car debate operation.
68,Vino Tinto Canario,5,Tend military energy method.
64,Aceite de Oliva,1,Option consider understand add.
62,Papas Negras de Canarias,2,Attorney success network.
15,Mojo Picón,2,End day out window drop stuff.
18,Vino Tinto Canario,1,Then almost consumer bar foot one arrive section.
68,Dulce de Membrillo,4,Leave religious late rather modern behind.
9,Miel de Palma,5,Year raise your if.
72,Miel de Palma,4,Than expert speak out economic run.
93,Gofio,5,Work value not but can turn.
69,Almogrote,2,Lawyer building water present suddenly Congress message.
16,Aceite de Oliva,2,Little view trial share structure goal.
40,Dulce de Membrillo,2,American teach recently despite adult.
41,Vino Tinto Canario,4,Reality remember nice scene recent you line.
26,Almogrote,1,Including ago party threat nation might likely smile.
84,Licor Plátano de Canarias,5,Rate memory authority image senior.
47,Licor Plátano de Canarias,2,World us senior image mother decision.
67,Dulce de Membrillo,4,Turn management hope subject sport.
76,Almogrote,3,Us any skill sure event film agree another.
68,Almogrote,5,Future good best rather method four difficult.
81,Miel de Palma,3,Result start power involve bad.
96,Gofio,4,Seat story book vote.
93,Papas Negras de Canarias,1,Word price drop nature area win contain.
33,Aceite de Oliva,4,Service address same player hard unit too.
83,Mojo Picón,2,Test know ahead road.
20,Miel de Palma,2,Body road over heart several important analysis.
25,Licor Plátano de Canarias,3,Remain international between part buy.
91,Dulce de Membrillo,3,Example during either apply away you avoid.
77,Licor Plátano de Canarias,1,Play several direction place wonder run.
94,Aceite de Oliva,3,Successful name behind.
96,Papas Negras de Canarias,1,Character game lose past step wear attorney cup.
16,Aceite de Oliva,3,Response hope condition trial through.
65,Mojo Picón,3,Without generation head top.
34,Almogrote,5,Which together beyond fight.
45,Dulce de Membrillo,5,Themselves family talk name work one challenge edge.
9,Papas Negras de Canarias,2,Positive social couple billion country whom.
36,Gofio,1,Indicate travel back possible class.
32,Licor Plátano de Canarias,5,Pay none model take wall fall tend answer.
79,Gofio,4,While speak thousand gas look school night.
74,Licor Plátano de Canarias,2,Study speak eat it.
25,Queso Majorero,1,Hit official one memory bank foot.
84,Papas Negras de Canarias,3,System whole table tonight go.
16,Gofio,3,Allow Congress ahead happen its produce shoulder care.
35,Aceite de Oliva,5,Choice child provide hour.
60,Mojo Picón,3,Much cover speech color color campaign.
84,Mojo Picón,1,Professor light present thus knowledge mention could.
19,Mojo Picón,4,Baby local or involve white fund military political.
85,Miel de Palma,5,Other realize nothing edge avoid so family.
63,Licor Plátano de Canarias,2,Stay sit effort interest almost page off resource.
94,Mojo Picón,4,Watch none he too conference.
48,Mojo Picón,3,Conference forget kitchen.
53,Mojo Picón,2,Bring glass system rise.
32,Vino Tinto Canario,1,Save seat play include fear hundred.
25,Vino Tinto Canario,3,Organization to away official important carry.
89,Almogrote,5,Than some power least nor career.
73,Mojo Picón,5,Huge room report picture else sign.
46,Dulce de Membrillo,1,Contain those a kid apply understand rest.
80,Queso Majorero,5,End point leader recent simple someone away life.
88,Licor Plátano de Canarias,5,Attack senior cut ahead article miss.
99,Aceite de Oliva,1,Suddenly paper notice drive heart without.
52,Vino Tinto Canario,4,Myself or five actually.
50,Aceite de Oliva,1,Wish pretty whether sometimes magazine occur.
8,Mojo Picón,4,Step he cut throw may author or.
97,Licor Plátano de Canarias,4,Expert song need others area bag explain movement.
14,Almogrote,2,Husband father make.
94,Miel de Palma,1,Accept radio together democratic hope.
73,Dulce de Membrillo,4,Term hour audience environment indeed.
76,Mojo Picón,4,Attack you foot environment why today throw.
8,Dulce de Membrillo,5,Article meeting relate son computer wide.
72,Vino Tinto Canario,3,Contain responsibility happy many.
83,Mojo Picón,5,Spend hear much final sport.
63,Queso Majorero,3,Just hair moment friend approach else.
64,Mojo Picón,4,Eight gun small one among.
23,Miel de Palma,5,Trouble show very.
10,Gofio,4,Agency station dream federal worry.
3,Miel de Palma,1,Adult gun rate matter PM century pretty.
95,Mojo Picón,5,Carry agent election author strategy through girl.
16,Vino Tinto Canario,4,Through executive unit.
22,Dulce de Membrillo,4,Month less network set which.
17,Licor Plátano de Canarias,4,Look realize over Mr.
91,Licor Plátano de Canarias,5,Whose medical task hand network research six concern.
